model,sum_loo,mean_loo,max_rhat,mean_rhat,min_ess,mean_ess
base,-18781.081922145,-2.036993700883406,1.0048606473471764,1.000525501570187,624.7699187454646,4255.0339005137475
core,-18727.91031034,-2.031226714787419,1.0060768592475091,1.0005821133829014,886.9407650948808,4047.677411716073
core_naoi1,-18736.217642215,-2.0321277269213667,1.0093410177380584,1.0006280647516705,508.6393370385329,3979.7931557567113
core_spei,-18737.866215955,-2.032306531014642,1.0077612257044781,1.0006064586186005,827.2981921771734,4091.091238316603
cov,-18750.951703071,-2.033725781244143,1.0075884922150768,1.0006676961119492,1003.0458311227776,3940.448029188554
