mean_dif_base,mean_dif_cov,mean_dif_naoi1,mean_dif_cov_base,sd_dif_base,sd_dif_cov,sd_dif_naoi1,sd_dif_cov_base,t_dif_base,t_dif_cov,t_dif_naoi1,t_dif_cov_base
-0.019267934887715395,0.004870751926070042,-0.0021673077270705924,-0.024138686813785438,0.011740941595815995,0.003504915281055268,0.002511825590211348,0.011141101847979968,-1.6410894075635059,1.3896917715521915,-0.8628416461384297,-2.1666337085108065
