periphery,n_counts,mean_dif_base,mean_dif_cov,mean_dif_naoi1,mean_dif_cov_base,sd_dif_base,sd_dif_cov,sd_dif_naoi1,sd_dif_cov_base,t_dif_base,t_dif_cov,t_dif_naoi1,t_dif_cov_base
0,4477,0.00745917391110118,-8.051576167076203e-4,6.456428076837151e-4,0.0082643315278088,0.00583352632454536,9.513453716890803e-4,0.0017622181494613691,0.005486842326237902,1.2786732237267338,-0.8463357689732502,0.3663807502385894,1.5062090427291914
1,4740,-0.009855697113924056,0.00809287052531646,0.0012139966708860756,-0.017948567639240517,0.005987093341900127,0.0052446168602467026,0.0018594046478095064,0.006459352223664909,-1.6461572504557191,1.5430813615116545,0.6528953621344545,-2.7786946767638647
