n_counts,mean_dif_base,mean_dif_spei,mean_dif_cov,mean_dif_naoi1,mean_dif_cov_base,mean_dif_core_spei_base,sd_dif_base,sd_dif_spei,sd_dif_cov,sd_dif_naoi1,sd_dif_cov_base,sd_dif_core_spei_base,t_dif_base,t_dif_spei,t_dif_cov,t_dif_naoi1,t_dif_cov_base,t_dif_core_spei_base
9217,0.007493359206357819,8.755816008462596e-4,0.0026041307074970103,9.114063008571115e-4,0.004889228498860808,0.0066177776055115585,0.0034729428204597432,0.0013034431654627568,0.0020627040024028716,0.0012939816199718593,0.004272667930305667,0.003400380822961313,2.1576396715238344,0.6717451316992444,1.2624839552662057,0.7043425399480807,1.1443034138417194,1.9461871919828935
