mean_dif_base,mean_dif_cov,mean_dif_naoi1,mean_dif_cov_base,sd_dif_base,sd_dif_cov,sd_dif_naoi1,sd_dif_cov_base,t_dif_base,t_dif_cov,t_dif_naoi1,t_dif_cov_base
-0.003787250754338394,0.00493260851898047,0.003535967327548807,-0.008719859273318866,0.007030484216539433,0.003005896778991988,0.0015727275495306273,0.006891124054184436,-0.5386898878783867,1.640977346079926,2.248302529324993,-1.2653754604844158
