elpd_diff,se_diff,elpd_loo,se_elpd_loo,p_loo,se_p_loo,looic,se_looic
0,0,-17578.862532141142,172.17142953095032,980.7601824035518,29.667906429845452,35157.725064282284,344.34285906190064
-3.2350093273047307,5.714186894686604,-17582.09754146842,172.02310557721577,983.2506854948722,28.979642755285912,35164.19508293684,344.04621115443155
-29.15741042483481,10.193959425050512,-17608.019942565967,172.0599938153807,974.6845755183813,28.6826814219009,35216.03988513193,344.1199876307614
-59.85445020420794,13.100167509173385,-17638.716982345326,172.22407209716803,948.7219725355301,28.720997776307055,35277.43396469065,344.44814419433607
